{"train_samples_per_second":32.499,"train/epoch":3,"train_loss":0.8012691688537598,"_runtime":1054,"train_steps_per_second":1.016,"eval/steps_per_second":1.604,"eval/accuracy":0.598125,"eval/loss":3.0593249797821045,"eval/f1":0.6002587501778145,"_timestamp":1.7793733264673808e+09,"train/grad_norm":16.622642517089844,"train_runtime":590.7792,"_wandb":{"runtime":1054},"train/loss":0.44110248565673826,"_step":15,"eval/runtime":15.5834,"total_flos":2.5436461989888e+15,"train/global_step":600,"train/learning_rate":1.0000000000000001e-07,"eval/samples_per_second":102.673}